tactic_id,tactic_name_jp,tactic_name_eng,tactic_description_jp,tactic_description_eng,technique_id,technique_name_jp,technique_name_eng,technique_description_jp,technique_description_eng,subtechnique_id,subtechnique_name_jp,subtechnique_name_eng,subtechnique_description_jp,subtechnique_description_eng,cyber_kill_chain_phase_number_1,cyber_kill_chain_phase_name_eng_1,cyber_kill_chain_phase_description_eng_1,cyber_kill_chain_phase_name_jp_1,cyber_kill_chain_phase_description_jp_1,cyber_kill_chain_phase_number_2,cyber_kill_chain_phase_name_eng_2,cyber_kill_chain_phase_description_eng_2,cyber_kill_chain_phase_name_jp_2,cyber_kill_chain_phase_description_jp_2,tactic_ckc_mapping_rational
TA0010,持ち出し,Exfiltration,"攻撃者はデータを盗もうとしています。

持ち出しは、攻撃者がネットワークからデータを盗むために使用する可能性のあるテクニックで構成されます。データを収集した後、攻撃者は多くの場合、それを削除する際に検出を回避するためにパッケージ化します。これには圧縮と暗号化が含まれる場合があります。ターゲットネットワークからデータを持ち出すためのテクニックには、通常、コマンドアンドコントロールチャネルまたは代替チャネルを介して転送することが含まれ、送信にサイズ制限を設けることも含まれる場合があります。","The adversary is trying to steal data.

Exfiltration consists of techniques that adversaries may use to steal data from your network. Once they’ve collected data, adversaries often package it to avoid detection while removing it. This can include compression and encryption. Techniques for getting data out of a target network typically include transferring it over their command and control channel or an alternate channel and may also include putting size limits on the transmission.",T1567,Webサービス経由の持ち出し,Exfiltration Over Web Service,"攻撃者は、主要なコマンドアンドコントロールチャネルではなく、既存の正当な外部Webサービスを使用してデータを持ち出す可能性があります。持ち出しメカニズムとして機能する一般的なWebサービスは、侵害前にネットワーク内のホストが既にそれらと通信している可能性が高いため、かなりの隠れ蓑になる可能性があります。これらのサービスへのトラフィックを許可するために、ファイアウォールルールが既に存在する可能性もあります。

Webサービスプロバイダーはまた、一般的にSSL/TLS暗号化を使用しており、これにより攻撃者は追加の保護レベルを得られます。","Adversaries may use an existing, legitimate external Web service to exfiltrate data rather than their primary command and control channel. Popular Web services acting as an exfiltration mechanism may give a significant amount of cover due to the likelihood that hosts within a network are already communicating with them prior to compromise. Firewall rules may also already exist to permit traffic to these services.

Web service providers also commonly use SSL/TLS encryption, giving adversaries an added level of protection.",T1567.001,コードリポジトリへの持ち出し,Exfiltration to Code Repository,"攻撃者は、主要なコマンドアンドコントロールチャネル経由ではなく、コードリポジトリにデータを持ち出す可能性があります。コードリポジトリは、多くの場合API（例：https://api.github.com）経由でアクセスできます。これらのAPIへのアクセスは多くの場合HTTPS経由であり、これにより攻撃者は追加の保護レベルを得られます。

コードリポジトリへのデータ持ち出しは、ネットワーク内のホストが既に利用している人気のサービスであれば、攻撃者にとってかなりの隠れ蓑にもなり得ます。","Adversaries may exfiltrate data to a code repository rather than over their primary command and control channel. Code repositories are often accessible via an API (ex: https://api.github.com). Access to these APIs are often over HTTPS, which gives the adversary an additional level of protection.

Exfiltration to a code repository can also provide a significant amount of cover to the adversary if it is a popular service already used by hosts within the network.",7,Actions on Objectives,"Attacker achieves their ultimate goals such as data exfiltration, data destruction, or launching further attacks.",目的の実行,攻撃者は、データの窃取、データの破壊、さらなる攻撃の開始など、最終的な目的を達成します。,,,,,,標的ネットワークからデータを盗み出す活動。CKCの目的の実行フェーズにおける主要な攻撃目標の一つ。
TA0010,持ち出し,Exfiltration,"攻撃者はデータを盗もうとしています。

持ち出しは、攻撃者がネットワークからデータを盗むために使用する可能性のあるテクニックで構成されます。データを収集した後、攻撃者は多くの場合、それを削除する際に検出を回避するためにパッケージ化します。これには圧縮と暗号化が含まれる場合があります。ターゲットネットワークからデータを持ち出すためのテクニックには、通常、コマンドアンドコントロールチャネルまたは代替チャネルを介して転送することが含まれ、送信にサイズ制限を設けることも含まれる場合があります。","The adversary is trying to steal data.

Exfiltration consists of techniques that adversaries may use to steal data from your network. Once they’ve collected data, adversaries often package it to avoid detection while removing it. This can include compression and encryption. Techniques for getting data out of a target network typically include transferring it over their command and control channel or an alternate channel and may also include putting size limits on the transmission.",T1567,Webサービス経由の持ち出し,Exfiltration Over Web Service,"攻撃者は、主要なコマンドアンドコントロールチャネルではなく、既存の正当な外部Webサービスを使用してデータを持ち出す可能性があります。持ち出しメカニズムとして機能する一般的なWebサービスは、侵害前にネットワーク内のホストが既にそれらと通信している可能性が高いため、かなりの隠れ蓑になる可能性があります。これらのサービスへのトラフィックを許可するために、ファイアウォールルールが既に存在する可能性もあります。

Webサービスプロバイダーはまた、一般的にSSL/TLS暗号化を使用しており、これにより攻撃者は追加の保護レベルを得られます。","Adversaries may use an existing, legitimate external Web service to exfiltrate data rather than their primary command and control channel. Popular Web services acting as an exfiltration mechanism may give a significant amount of cover due to the likelihood that hosts within a network are already communicating with them prior to compromise. Firewall rules may also already exist to permit traffic to these services.

Web service providers also commonly use SSL/TLS encryption, giving adversaries an added level of protection.",T1567.003,テキストストレージサイトへの持ち出し,Exfiltration to Text Storage Sites,"攻撃者は、主要なコマンドアンドコントロールチャネルの代わりに、テキストストレージサイトにデータを持ち出す可能性があります。<code>pastebin[.]com</code>などのテキストストレージサイトは、開発者がコードやその他の情報を共有するためによく使用されます。

テキストストレージサイトは、C2通信のための悪意のあるコードをホストするためによく使用されますが（例：[能力のステージング](https://attack.mitre.org/techniques/T1608)）、攻撃者はこれらのサイトを使用して収集したデータを持ち出すこともあります。さらに、有料機能や暗号化オプションにより、攻撃者はデータをより安全に隠蔽して保存できる可能性があります。(引用: Pastebin EchoSec)

**注:** これは、API経由でのコードリポジトリへのアクセスを強調する[コードリポジトリへのデータ持ち出し](https://attack.mitre.org/techniques/T1567/001)とは異なります。","Adversaries may exfiltrate data to text storage sites instead of their primary command and control channel. Text storage sites, such as <code>pastebin[.]com</code>, are commonly used by developers to share code and other information.  

Text storage sites are often used to host malicious code for C2 communication (e.g., [Stage Capabilities](https://attack.mitre.org/techniques/T1608)), but adversaries may also use these sites to exfiltrate collected data. Furthermore, paid features and encryption options may allow adversaries to conceal and store data more securely.(Citation: Pastebin EchoSec)

**Note:** This is distinct from [Exfiltration to Code Repository](https://attack.mitre.org/techniques/T1567/001), which highlight access to code repositories via APIs.",7,Actions on Objectives,"Attacker achieves their ultimate goals such as data exfiltration, data destruction, or launching further attacks.",目的の実行,攻撃者は、データの窃取、データの破壊、さらなる攻撃の開始など、最終的な目的を達成します。,,,,,,標的ネットワークからデータを盗み出す活動。CKCの目的の実行フェーズにおける主要な攻撃目標の一つ。
TA0010,持ち出し,Exfiltration,"攻撃者はデータを盗もうとしています。

持ち出しは、攻撃者がネットワークからデータを盗むために使用する可能性のあるテクニックで構成されます。データを収集した後、攻撃者は多くの場合、それを削除する際に検出を回避するためにパッケージ化します。これには圧縮と暗号化が含まれる場合があります。ターゲットネットワークからデータを持ち出すためのテクニックには、通常、コマンドアンドコントロールチャネルまたは代替チャネルを介して転送することが含まれ、送信にサイズ制限を設けることも含まれる場合があります。","The adversary is trying to steal data.

Exfiltration consists of techniques that adversaries may use to steal data from your network. Once they’ve collected data, adversaries often package it to avoid detection while removing it. This can include compression and encryption. Techniques for getting data out of a target network typically include transferring it over their command and control channel or an alternate channel and may also include putting size limits on the transmission.",T1567,Webサービス経由の持ち出し,Exfiltration Over Web Service,"攻撃者は、主要なコマンドアンドコントロールチャネルではなく、既存の正当な外部Webサービスを使用してデータを持ち出す可能性があります。持ち出しメカニズムとして機能する一般的なWebサービスは、侵害前にネットワーク内のホストが既にそれらと通信している可能性が高いため、かなりの隠れ蓑になる可能性があります。これらのサービスへのトラフィックを許可するために、ファイアウォールルールが既に存在する可能性もあります。

Webサービスプロバイダーはまた、一般的にSSL/TLS暗号化を使用しており、これにより攻撃者は追加の保護レベルを得られます。","Adversaries may use an existing, legitimate external Web service to exfiltrate data rather than their primary command and control channel. Popular Web services acting as an exfiltration mechanism may give a significant amount of cover due to the likelihood that hosts within a network are already communicating with them prior to compromise. Firewall rules may also already exist to permit traffic to these services.

Web service providers also commonly use SSL/TLS encryption, giving adversaries an added level of protection.",T1567.002,クラウドストレージへの持ち出し,Exfiltration to Cloud Storage,"攻撃者は、主要なコマンドアンドコントロールチャネル経由ではなく、クラウドストレージサービスにデータを持ち出す可能性があります。クラウドストレージサービスでは、インターネット経由でリモートクラウドストレージサーバーからデータを保存、編集、取得できます。

クラウドストレージサービスの例としては、DropboxやGoogle Docsなどがあります。ネットワーク内のホストが既にサービスと通信している場合、これらのクラウドストレージサービスへのデータ持ち出しは、攻撃者にとってかなりの隠れ蓑になる可能性があります。","Adversaries may exfiltrate data to a cloud storage service rather than over their primary command and control channel. Cloud storage services allow for the storage, edit, and retrieval of data from a remote cloud storage server over the Internet.

Examples of cloud storage services include Dropbox and Google Docs. Exfiltration to these cloud storage services can provide a significant amount of cover to the adversary if hosts within the network are already communicating with the service.",7,Actions on Objectives,"Attacker achieves their ultimate goals such as data exfiltration, data destruction, or launching further attacks.",目的の実行,攻撃者は、データの窃取、データの破壊、さらなる攻撃の開始など、最終的な目的を達成します。,,,,,,標的ネットワークからデータを盗み出す活動。CKCの目的の実行フェーズにおける主要な攻撃目標の一つ。
TA0010,持ち出し,Exfiltration,"攻撃者はデータを盗もうとしています。

持ち出しは、攻撃者がネットワークからデータを盗むために使用する可能性のあるテクニックで構成されます。データを収集した後、攻撃者は多くの場合、それを削除する際に検出を回避するためにパッケージ化します。これには圧縮と暗号化が含まれる場合があります。ターゲットネットワークからデータを持ち出すためのテクニックには、通常、コマンドアンドコントロールチャネルまたは代替チャネルを介して転送することが含まれ、送信にサイズ制限を設けることも含まれる場合があります。","The adversary is trying to steal data.

Exfiltration consists of techniques that adversaries may use to steal data from your network. Once they’ve collected data, adversaries often package it to avoid detection while removing it. This can include compression and encryption. Techniques for getting data out of a target network typically include transferring it over their command and control channel or an alternate channel and may also include putting size limits on the transmission.",T1567,Webサービス経由の持ち出し,Exfiltration Over Web Service,"攻撃者は、主要なコマンドアンドコントロールチャネルではなく、既存の正当な外部Webサービスを使用してデータを持ち出す可能性があります。持ち出しメカニズムとして機能する一般的なWebサービスは、侵害前にネットワーク内のホストが既にそれらと通信している可能性が高いため、かなりの隠れ蓑になる可能性があります。これらのサービスへのトラフィックを許可するために、ファイアウォールルールが既に存在する可能性もあります。

Webサービスプロバイダーはまた、一般的にSSL/TLS暗号化を使用しており、これにより攻撃者は追加の保護レベルを得られます。","Adversaries may use an existing, legitimate external Web service to exfiltrate data rather than their primary command and control channel. Popular Web services acting as an exfiltration mechanism may give a significant amount of cover due to the likelihood that hosts within a network are already communicating with them prior to compromise. Firewall rules may also already exist to permit traffic to these services.

Web service providers also commonly use SSL/TLS encryption, giving adversaries an added level of protection.",T1567.004,Webhook経由の持ち出し,Exfiltration Over Webhook,"攻撃者は、主要なコマンドアンドコントロールチャネル経由ではなく、Webhookエンドポイントにデータを持ち出す可能性があります。Webhookは、クライアントがサーバーを継続的にポーリングする必要なく、サーバーがHTTP/S経由でクライアントにデータをプッシュできるようにするシンプルなメカニズムです。(引用: RedHat Webhooks) Discord、Slack、<code>webhook.site</code>など、多くのパブリックおよび商用サービスが、Github、Jira、Trelloなどの他のサービスで使用できるWebhookエンドポイントの作成をサポートしています。(引用: Discord Intro to Webhooks) リンクされたサービスで変更が発生すると（リポジトリの更新のプッシュやチケットの変更など）、これらのサービスは自動的にデータをWebhookエンドポイントに投稿し、消費側アプリケーションで使用できるようにします。

攻撃者は、攻撃者が所有する環境を被害者が所有するSaaSサービスにリンクして、メール、チャットメッセージ、その他のデータの[自動持ち出し](https://attack.mitre.org/techniques/T1020)を繰り返し行う可能性があります。(引用: Push Security SaaS Attacks Repository Webhooks) あるいは、Webhookエンドポイントをサービスにリンクする代わりに、攻撃者はステージングされたデータをURLに直接手動で投稿して持ち出すことができます。(引用: Microsoft SQL Server)

Webhookエンドポイントへのアクセスは多くの場合HTTPS経由であり、これにより攻撃者は追加の保護レベルを得られます。Webhookを利用したデータ持ち出しは、Webhookエンドポイントが一般的に使用されるSaaSアプリケーションまたはコラボレーションサービスを指している場合、通常のネットワークトラフィックに紛れ込む可能性もあります。(引用: CyberArk Labs Discord)(引用: Talos Discord Webhook Abuse)(引用: Checkmarx Webhooks)","Adversaries may exfiltrate data to a webhook endpoint rather than over their primary command and control channel. Webhooks are simple mechanisms for allowing a server to push data over HTTP/S to a client without the need for the client to continuously poll the server.(Citation: RedHat Webhooks) Many public and commercial services, such as Discord, Slack, and `webhook.site`, support the creation of webhook endpoints that can be used by other services, such as Github, Jira, or Trello.(Citation: Discord Intro to Webhooks) When changes happen in the linked services (such as pushing a repository update or modifying a ticket), these services will automatically post the data to the webhook endpoint for use by the consuming application. 

Adversaries may link an adversary-owned environment to a victim-owned SaaS service to achieve repeated [Automated Exfiltration](https://attack.mitre.org/techniques/T1020) of emails, chat messages, and other data.(Citation: Push Security SaaS Attacks Repository Webhooks) Alternatively, instead of linking the webhook endpoint to a service, an adversary can manually post staged data directly to the URL in order to exfiltrate it.(Citation: Microsoft SQL Server)

Access to webhook endpoints is often over HTTPS, which gives the adversary an additional level of protection. Exfiltration leveraging webhooks can also blend in with normal network traffic if the webhook endpoint points to a commonly used SaaS application or collaboration service.(Citation: CyberArk Labs Discord)(Citation: Talos Discord Webhook Abuse)(Citation: Checkmarx Webhooks)",7,Actions on Objectives,"Attacker achieves their ultimate goals such as data exfiltration, data destruction, or launching further attacks.",目的の実行,攻撃者は、データの窃取、データの破壊、さらなる攻撃の開始など、最終的な目的を達成します。,,,,,,標的ネットワークからデータを盗み出す活動。CKCの目的の実行フェーズにおける主要な攻撃目標の一つ。
TA0010,持ち出し,Exfiltration,"攻撃者はデータを盗もうとしています。

持ち出しは、攻撃者がネットワークからデータを盗むために使用する可能性のあるテクニックで構成されます。データを収集した後、攻撃者は多くの場合、それを削除する際に検出を回避するためにパッケージ化します。これには圧縮と暗号化が含まれる場合があります。ターゲットネットワークからデータを持ち出すためのテクニックには、通常、コマンドアンドコントロールチャネルまたは代替チャネルを介して転送することが含まれ、送信にサイズ制限を設けることも含まれる場合があります。","The adversary is trying to steal data.

Exfiltration consists of techniques that adversaries may use to steal data from your network. Once they’ve collected data, adversaries often package it to avoid detection while removing it. This can include compression and encryption. Techniques for getting data out of a target network typically include transferring it over their command and control channel or an alternate channel and may also include putting size limits on the transmission.",T1029,スケジュールされた転送,Scheduled Transfer,"攻撃者は、特定の時間帯または特定の間隔でのみ実行されるようにデータ持ち出しをスケジュールする可能性があります。これは、通常の活動や可用性とトラフィックパターンを調和させるために行われる可能性があります。

スケジュールされた持ち出しが使用される場合、情報をネットワーク外に転送するために、[C2チャネル経由の持ち出し](https://attack.mitre.org/techniques/T1041)や[代替プロトコル経由の持ち出し](https://attack.mitre.org/techniques/T1048)など、他の持ち出しテクニックも同様に適用される可能性があります。","Adversaries may schedule data exfiltration to be performed only at certain times of day or at certain intervals. This could be done to blend traffic patterns with normal activity or availability.

When scheduled exfiltration is used, other exfiltration techniques likely apply as well to transfer the information out of the network, such as [Exfiltration Over C2 Channel](https://attack.mitre.org/techniques/T1041) or [Exfiltration Over Alternative Protocol](https://attack.mitre.org/techniques/T1048).",,,,,,7,Actions on Objectives,"Attacker achieves their ultimate goals such as data exfiltration, data destruction, or launching further attacks.",目的の実行,攻撃者は、データの窃取、データの破壊、さらなる攻撃の開始など、最終的な目的を達成します。,,,,,,標的ネットワークからデータを盗み出す活動。CKCの目的の実行フェーズにおける主要な攻撃目標の一つ。
TA0010,持ち出し,Exfiltration,"攻撃者はデータを盗もうとしています。

持ち出しは、攻撃者がネットワークからデータを盗むために使用する可能性のあるテクニックで構成されます。データを収集した後、攻撃者は多くの場合、それを削除する際に検出を回避するためにパッケージ化します。これには圧縮と暗号化が含まれる場合があります。ターゲットネットワークからデータを持ち出すためのテクニックには、通常、コマンドアンドコントロールチャネルまたは代替チャネルを介して転送することが含まれ、送信にサイズ制限を設けることも含まれる場合があります。","The adversary is trying to steal data.

Exfiltration consists of techniques that adversaries may use to steal data from your network. Once they’ve collected data, adversaries often package it to avoid detection while removing it. This can include compression and encryption. Techniques for getting data out of a target network typically include transferring it over their command and control channel or an alternate channel and may also include putting size limits on the transmission.",T1011,他のネットワーク媒体経由の持ち出し,Exfiltration Over Other Network Medium,"攻撃者は、コマンドアンドコントロールチャネルとは異なるネットワーク媒体を介してデータを持ち出そうとする可能性があります。コマンドアンドコントロールネットワークが有線インターネット接続である場合、持ち出しは、例えば、WiFi接続、モデム、携帯電話データ接続、Bluetooth、または別の無線周波数（RF）チャネルを介して発生する可能性があります。

攻撃者は、十分なアクセス権または近接性があり、接続がプライマリのインターネット接続チャネルほど安全または防御されておらず、同じエンタープライズネットワークを経由してルーティングされていない場合に、これを行うことを選択する可能性があります。","Adversaries may attempt to exfiltrate data over a different network medium than the command and control channel. If the command and control network is a wired Internet connection, the exfiltration may occur, for example, over a WiFi connection, modem, cellular data connection, Bluetooth, or another radio frequency (RF) channel.

Adversaries may choose to do this if they have sufficient access or proximity, and the connection might not be secured or defended as well as the primary Internet-connected channel because it is not routed through the same enterprise network.",T1011.001,Bluetooth経由の持ち出し,Exfiltration Over Bluetooth,"攻撃者は、コマンドアンドコントロールチャネルではなく、Bluetooth経由でデータを持ち出そうとする可能性があります。コマンドアンドコントロールネットワークが有線インターネット接続である場合、攻撃者はBluetooth通信チャネルを使用してデータを持ち出すことを選択する可能性があります。

攻撃者は、十分なアクセス権と近接性がある場合にこれを行うことを選択する可能性があります。Bluetooth接続は、同じエンタープライズネットワークを経由してルーティングされていないため、プライマリのインターネット接続チャネルほど安全または防御されていない可能性があります。","Adversaries may attempt to exfiltrate data over Bluetooth rather than the command and control channel. If the command and control network is a wired Internet connection, an adversary may opt to exfiltrate data using a Bluetooth communication channel.

Adversaries may choose to do this if they have sufficient access and proximity. Bluetooth connections might not be secured or defended as well as the primary Internet-connected channel because it is not routed through the same enterprise network.",7,Actions on Objectives,"Attacker achieves their ultimate goals such as data exfiltration, data destruction, or launching further attacks.",目的の実行,攻撃者は、データの窃取、データの破壊、さらなる攻撃の開始など、最終的な目的を達成します。,,,,,,標的ネットワークからデータを盗み出す活動。CKCの目的の実行フェーズにおける主要な攻撃目標の一つ。
TA0010,持ち出し,Exfiltration,"攻撃者はデータを盗もうとしています。

持ち出しは、攻撃者がネットワークからデータを盗むために使用する可能性のあるテクニックで構成されます。データを収集した後、攻撃者は多くの場合、それを削除する際に検出を回避するためにパッケージ化します。これには圧縮と暗号化が含まれる場合があります。ターゲットネットワークからデータを持ち出すためのテクニックには、通常、コマンドアンドコントロールチャネルまたは代替チャネルを介して転送することが含まれ、送信にサイズ制限を設けることも含まれる場合があります。","The adversary is trying to steal data.

Exfiltration consists of techniques that adversaries may use to steal data from your network. Once they’ve collected data, adversaries often package it to avoid detection while removing it. This can include compression and encryption. Techniques for getting data out of a target network typically include transferring it over their command and control channel or an alternate channel and may also include putting size limits on the transmission.",T1020,自動持ち出し,Automated Exfiltration,"攻撃者は、収集中に収集された後、自動処理を使用して機密文書などのデータを持ち出す可能性があります。(引用: ESET Gamaredon June 2020)

自動持ち出しが使用される場合、情報をネットワーク外に転送するために、[C2チャネル経由の持ち出し](https://attack.mitre.org/techniques/T1041)や[代替プロトコル経由の持ち出し](https://attack.mitre.org/techniques/T1048)など、他の持ち出しテクニックも同様に適用される可能性があります。","Adversaries may exfiltrate data, such as sensitive documents, through the use of automated processing after being gathered during Collection.(Citation: ESET Gamaredon June 2020) 

When automated exfiltration is used, other exfiltration techniques likely apply as well to transfer the information out of the network, such as [Exfiltration Over C2 Channel](https://attack.mitre.org/techniques/T1041) and [Exfiltration Over Alternative Protocol](https://attack.mitre.org/techniques/T1048).",T1020.001,トラフィック複製,Traffic Duplication,"攻撃者は、侵害されたインフラストラクチャを介したデータの自動持ち出しを容易にするために、トラフィックミラーリングを利用する可能性があります。トラフィックミラーリングは一部のデバイスのネイティブ機能であり、ネットワーク分析によく使用されます。例えば、デバイスはネットワークアナライザやその他の監視デバイスによる分析のために、ネットワークトラフィックを1つ以上の宛先に転送するように構成される場合があります。(引用: Cisco Traffic Mirroring)(引用: Juniper Traffic Mirroring)

攻撃者は、トラフィックミラーリングを悪用して、制御下にある他のインフラストラクチャを介してネットワークトラフィックをミラーリングまたはリダイレクトする可能性があります。トラフィックリダイレクトを可能にするためのネットワークデバイスへの悪意のある変更は、[ROMMONキット](https://attack.mitre.org/techniques/T1542/004)または[システムイメージのパッチ適用](https://attack.mitre.org/techniques/T1601/001)を介して可能になる場合があります。(引用: US-CERT-TA18-106A)(引用: Cisco Blog Legacy Device Attacks)

多くのクラウドベースの環境もトラフィックミラーリングをサポートしています。例えば、AWS Traffic Mirroring、GCP Packet Mirroring、Azure vTapにより、ユーザーはトラフィックを収集する特定のインスタンスと、収集されたトラフィックを送信する特定のターゲットを定義できます。(引用: AWS Traffic Mirroring)(引用: GCP Packet Mirroring)(引用: Azure Virtual Network TAP)

攻撃者は、攻撃者の目標と目的に応じて、[ネットワークスニッフィング](https://attack.mitre.org/techniques/T1040)、[入力キャプチャ](https://attack.mitre.org/techniques/T1056)、または[中間者攻撃](https://attack.mitre.org/techniques/T1557)と組み合わせてトラフィック複製を使用する場合があります。","Adversaries may leverage traffic mirroring in order to automate data exfiltration over compromised infrastructure. Traffic mirroring is a native feature for some devices, often used for network analysis. For example, devices may be configured to forward network traffic to one or more destinations for analysis by a network analyzer or other monitoring device. (Citation: Cisco Traffic Mirroring)(Citation: Juniper Traffic Mirroring)

Adversaries may abuse traffic mirroring to mirror or redirect network traffic through other infrastructure they control. Malicious modifications to network devices to enable traffic redirection may be possible through [ROMMONkit](https://attack.mitre.org/techniques/T1542/004) or [Patch System Image](https://attack.mitre.org/techniques/T1601/001).(Citation: US-CERT-TA18-106A)(Citation: Cisco Blog Legacy Device Attacks)

Many cloud-based environments also support traffic mirroring. For example, AWS Traffic Mirroring, GCP Packet Mirroring, and Azure vTap allow users to define specified instances to collect traffic from and specified targets to send collected traffic to.(Citation: AWS Traffic Mirroring)(Citation: GCP Packet Mirroring)(Citation: Azure Virtual Network TAP)

Adversaries may use traffic duplication in conjunction with [Network Sniffing](https://attack.mitre.org/techniques/T1040), [Input Capture](https://attack.mitre.org/techniques/T1056), or [Adversary-in-the-Middle](https://attack.mitre.org/techniques/T1557) depending on the goals and objectives of the adversary.",7,Actions on Objectives,"Attacker achieves their ultimate goals such as data exfiltration, data destruction, or launching further attacks.",目的の実行,攻撃者は、データの窃取、データの破壊、さらなる攻撃の開始など、最終的な目的を達成します。,,,,,,標的ネットワークからデータを盗み出す活動。CKCの目的の実行フェーズにおける主要な攻撃目標の一つ。
TA0010,持ち出し,Exfiltration,"攻撃者はデータを盗もうとしています。

持ち出しは、攻撃者がネットワークからデータを盗むために使用する可能性のあるテクニックで構成されます。データを収集した後、攻撃者は多くの場合、それを削除する際に検出を回避するためにパッケージ化します。これには圧縮と暗号化が含まれる場合があります。ターゲットネットワークからデータを持ち出すためのテクニックには、通常、コマンドアンドコントロールチャネルまたは代替チャネルを介して転送することが含まれ、送信にサイズ制限を設けることも含まれる場合があります。","The adversary is trying to steal data.

Exfiltration consists of techniques that adversaries may use to steal data from your network. Once they’ve collected data, adversaries often package it to avoid detection while removing it. This can include compression and encryption. Techniques for getting data out of a target network typically include transferring it over their command and control channel or an alternate channel and may also include putting size limits on the transmission.",T1041,C2チャネル経由の持ち出し,Exfiltration Over C2 Channel,攻撃者は、既存のコマンドアンドコントロールチャネルを介してデータを持ち出すことにより、データを盗む可能性があります。盗まれたデータは、コマンドアンドコントロール通信と同じプロトコルを使用して、通常の通信チャネルにエンコードされます。,Adversaries may steal data by exfiltrating it over an existing command and control channel. Stolen data is encoded into the normal communications channel using the same protocol as command and control communications.,,,,,,7,Actions on Objectives,"Attacker achieves their ultimate goals such as data exfiltration, data destruction, or launching further attacks.",目的の実行,攻撃者は、データの窃取、データの破壊、さらなる攻撃の開始など、最終的な目的を達成します。,,,,,,標的ネットワークからデータを盗み出す活動。CKCの目的の実行フェーズにおける主要な攻撃目標の一つ。
TA0010,持ち出し,Exfiltration,"攻撃者はデータを盗もうとしています。

持ち出しは、攻撃者がネットワークからデータを盗むために使用する可能性のあるテクニックで構成されます。データを収集した後、攻撃者は多くの場合、それを削除する際に検出を回避するためにパッケージ化します。これには圧縮と暗号化が含まれる場合があります。ターゲットネットワークからデータを持ち出すためのテクニックには、通常、コマンドアンドコントロールチャネルまたは代替チャネルを介して転送することが含まれ、送信にサイズ制限を設けることも含まれる場合があります。","The adversary is trying to steal data.

Exfiltration consists of techniques that adversaries may use to steal data from your network. Once they’ve collected data, adversaries often package it to avoid detection while removing it. This can include compression and encryption. Techniques for getting data out of a target network typically include transferring it over their command and control channel or an alternate channel and may also include putting size limits on the transmission.",T1048,代替プロトコル経由の持ち出し,Exfiltration Over Alternative Protocol,"攻撃者は、既存のコマンドアンドコントロールチャネルとは異なるプロトコルを介してデータを持ち出すことにより、データを盗む可能性があります。データはまた、メインのコマンドアンドコントロールサーバーとは異なるネットワークの場所に送信される場合もあります。

代替プロトコルには、FTP、SMTP、HTTP/S、DNS、SMB、またはメインのコマンドアンドコントロールチャネルとして使用されていないその他のネットワークプロトコルが含まれます。攻撃者はまた、これらの代替チャネルを暗号化および/または難読化することを選択する場合があります。

[代替プロトコル経由のデータ持ち出し](https://attack.mitre.org/techniques/T1048)は、[Net](https://attack.mitre.org/software/S0039)/SMBやFTPなどのさまざまな一般的なオペレーティングシステムユーティリティを使用して実行できます。(引用: Palo Alto OilRig Oct 2016) macOSおよびLinuxでは、<code>curl</code>を使用して、HTTP/SやFTP/Sなどのプロトコルを呼び出し、システムからデータを持ち出すことができます。(引用: 20 macOS Common Tools and Techniques)

多くのIaaSおよびSaaSプラットフォーム（Microsoft Exchange、Microsoft SharePoint、GitHub、AWS S3など）は、Webコンソールまたは[クラウドAPI](https://attack.mitre.org/techniques/T1059/009)を介したファイル、メール、ソースコード、およびその他の機密情報の直接ダウンロードをサポートしています。","Adversaries may steal data by exfiltrating it over a different protocol than that of the existing command and control channel. The data may also be sent to an alternate network location from the main command and control server.  

Alternate protocols include FTP, SMTP, HTTP/S, DNS, SMB, or any other network protocol not being used as the main command and control channel. Adversaries may also opt to encrypt and/or obfuscate these alternate channels. 

[Exfiltration Over Alternative Protocol](https://attack.mitre.org/techniques/T1048) can be done using various common operating system utilities such as [Net](https://attack.mitre.org/software/S0039)/SMB or FTP.(Citation: Palo Alto OilRig Oct 2016) On macOS and Linux <code>curl</code> may be used to invoke protocols such as HTTP/S or FTP/S to exfiltrate data from a system.(Citation: 20 macOS Common Tools and Techniques)

Many IaaS and SaaS platforms (such as Microsoft Exchange, Microsoft SharePoint, GitHub, and AWS S3) support the direct download of files, emails, source code, and other sensitive information via the web console or [Cloud API](https://attack.mitre.org/techniques/T1059/009).",T1048.002,非対称暗号化非C2プロトコル経由の持ち出し,Exfiltration Over Asymmetric Encrypted Non-C2 Protocol,"攻撃者は、既存のコマンドアンドコントロールチャネルとは異なる、非対称暗号化されたネットワークプロトコルを介してデータを持ち出すことにより、データを盗む可能性があります。データはまた、メインのコマンドアンドコントロールサーバーとは異なるネットワークの場所に送信される場合もあります。

非対称暗号化アルゴリズムは、チャネルの両端で異なるキーを使用するものです。公開鍵暗号方式としても知られており、これには対応するキーからデータを暗号化/復号化できる暗号鍵のペアが必要です。通信チャネルの各端は、秘密鍵（そのエンティティのみが所有）と他のエンティティの公開鍵を必要とします。各エンティティの公開鍵は、暗号化された通信が開始される前に交換されます。

非対称暗号化を使用するネットワークプロトコル（HTTPS/TLS/SSLなど）は、キーが交換されると対称暗号化を利用することがよくあります。攻撃者は、プロトコルに組み込まれているメカニズムを使用する代わりに、これらの暗号化されたメカニズムを使用することを選択する場合があります。","Adversaries may steal data by exfiltrating it over an asymmetrically encrypted network protocol other than that of the existing command and control channel. The data may also be sent to an alternate network location from the main command and control server. 

Asymmetric encryption algorithms are those that use different keys on each end of the channel. Also known as public-key cryptography, this requires pairs of cryptographic keys that can encrypt/decrypt data from the corresponding key. Each end of the communication channels requires a private key (only in the procession of that entity) and the public key of the other entity. The public keys of each entity are exchanged before encrypted communications begin. 

Network protocols that use asymmetric encryption (such as HTTPS/TLS/SSL) often utilize symmetric encryption once keys are exchanged. Adversaries may opt to use these encrypted mechanisms that are baked into a protocol.",7,Actions on Objectives,"Attacker achieves their ultimate goals such as data exfiltration, data destruction, or launching further attacks.",目的の実行,攻撃者は、データの窃取、データの破壊、さらなる攻撃の開始など、最終的な目的を達成します。,,,,,,標的ネットワークからデータを盗み出す活動。CKCの目的の実行フェーズにおける主要な攻撃目標の一つ。
TA0010,持ち出し,Exfiltration,"攻撃者はデータを盗もうとしています。

持ち出しは、攻撃者がネットワークからデータを盗むために使用する可能性のあるテクニックで構成されます。データを収集した後、攻撃者は多くの場合、それを削除する際に検出を回避するためにパッケージ化します。これには圧縮と暗号化が含まれる場合があります。ターゲットネットワークからデータを持ち出すためのテクニックには、通常、コマンドアンドコントロールチャネルまたは代替チャネルを介して転送することが含まれ、送信にサイズ制限を設けることも含まれる場合があります。","The adversary is trying to steal data.

Exfiltration consists of techniques that adversaries may use to steal data from your network. Once they’ve collected data, adversaries often package it to avoid detection while removing it. This can include compression and encryption. Techniques for getting data out of a target network typically include transferring it over their command and control channel or an alternate channel and may also include putting size limits on the transmission.",T1048,代替プロトコル経由の持ち出し,Exfiltration Over Alternative Protocol,"攻撃者は、既存のコマンドアンドコントロールチャネルとは異なるプロトコルを介してデータを持ち出すことにより、データを盗む可能性があります。データはまた、メインのコマンドアンドコントロールサーバーとは異なるネットワークの場所に送信される場合もあります。

代替プロトコルには、FTP、SMTP、HTTP/S、DNS、SMB、またはメインのコマンドアンドコントロールチャネルとして使用されていないその他のネットワークプロトコルが含まれます。攻撃者はまた、これらの代替チャネルを暗号化および/または難読化することを選択する場合があります。

[代替プロトコル経由のデータ持ち出し](https://attack.mitre.org/techniques/T1048)は、[Net](https://attack.mitre.org/software/S0039)/SMBやFTPなどのさまざまな一般的なオペレーティングシステムユーティリティを使用して実行できます。(引用: Palo Alto OilRig Oct 2016) macOSおよびLinuxでは、<code>curl</code>を使用して、HTTP/SやFTP/Sなどのプロトコルを呼び出し、システムからデータを持ち出すことができます。(引用: 20 macOS Common Tools and Techniques)

多くのIaaSおよびSaaSプラットフォーム（Microsoft Exchange、Microsoft SharePoint、GitHub、AWS S3など）は、Webコンソールまたは[クラウドAPI](https://attack.mitre.org/techniques/T1059/009)を介したファイル、メール、ソースコード、およびその他の機密情報の直接ダウンロードをサポートしています。","Adversaries may steal data by exfiltrating it over a different protocol than that of the existing command and control channel. The data may also be sent to an alternate network location from the main command and control server.  

Alternate protocols include FTP, SMTP, HTTP/S, DNS, SMB, or any other network protocol not being used as the main command and control channel. Adversaries may also opt to encrypt and/or obfuscate these alternate channels. 

[Exfiltration Over Alternative Protocol](https://attack.mitre.org/techniques/T1048) can be done using various common operating system utilities such as [Net](https://attack.mitre.org/software/S0039)/SMB or FTP.(Citation: Palo Alto OilRig Oct 2016) On macOS and Linux <code>curl</code> may be used to invoke protocols such as HTTP/S or FTP/S to exfiltrate data from a system.(Citation: 20 macOS Common Tools and Techniques)

Many IaaS and SaaS platforms (such as Microsoft Exchange, Microsoft SharePoint, GitHub, and AWS S3) support the direct download of files, emails, source code, and other sensitive information via the web console or [Cloud API](https://attack.mitre.org/techniques/T1059/009).",T1048.003,非暗号化非C2プロトコル経由の持ち出し,Exfiltration Over Unencrypted Non-C2 Protocol,"攻撃者は、既存のコマンドアンドコントロールチャネルとは異なる、暗号化されていないネットワークプロトコルを介してデータを持ち出すことにより、データを盗む可能性があります。データはまた、メインのコマンドアンドコントロールサーバーとは異なるネットワークの場所に送信される場合もあります。(引用: copy_cmd_cisco)

攻撃者は、ネイティブに暗号化されていないネットワークプロトコル（HTTP、FTP、DNSなど）内で、暗号化を使用せずにこのデータを難読化することを選択する場合があります。これには、カスタムまたは一般に入手可能なエンコーディング/圧縮アルゴリズム（base64など）や、プロトコルヘッダーおよびフィールド内へのデータの埋め込みが含まれる場合があります。
","Adversaries may steal data by exfiltrating it over an un-encrypted network protocol other than that of the existing command and control channel. The data may also be sent to an alternate network location from the main command and control server.(Citation: copy_cmd_cisco)

Adversaries may opt to obfuscate this data, without the use of encryption, within network protocols that are natively unencrypted (such as HTTP, FTP, or DNS). This may include custom or publicly available encoding/compression algorithms (such as base64) as well as embedding data within protocol headers and fields.",7,Actions on Objectives,"Attacker achieves their ultimate goals such as data exfiltration, data destruction, or launching further attacks.",目的の実行,攻撃者は、データの窃取、データの破壊、さらなる攻撃の開始など、最終的な目的を達成します。,,,,,,標的ネットワークからデータを盗み出す活動。CKCの目的の実行フェーズにおける主要な攻撃目標の一つ。
TA0010,持ち出し,Exfiltration,"攻撃者はデータを盗もうとしています。

持ち出しは、攻撃者がネットワークからデータを盗むために使用する可能性のあるテクニックで構成されます。データを収集した後、攻撃者は多くの場合、それを削除する際に検出を回避するためにパッケージ化します。これには圧縮と暗号化が含まれる場合があります。ターゲットネットワークからデータを持ち出すためのテクニックには、通常、コマンドアンドコントロールチャネルまたは代替チャネルを介して転送することが含まれ、送信にサイズ制限を設けることも含まれる場合があります。","The adversary is trying to steal data.

Exfiltration consists of techniques that adversaries may use to steal data from your network. Once they’ve collected data, adversaries often package it to avoid detection while removing it. This can include compression and encryption. Techniques for getting data out of a target network typically include transferring it over their command and control channel or an alternate channel and may also include putting size limits on the transmission.",T1048,代替プロトコル経由の持ち出し,Exfiltration Over Alternative Protocol,"攻撃者は、既存のコマンドアンドコントロールチャネルとは異なるプロトコルを介してデータを持ち出すことにより、データを盗む可能性があります。データはまた、メインのコマンドアンドコントロールサーバーとは異なるネットワークの場所に送信される場合もあります。

代替プロトコルには、FTP、SMTP、HTTP/S、DNS、SMB、またはメインのコマンドアンドコントロールチャネルとして使用されていないその他のネットワークプロトコルが含まれます。攻撃者はまた、これらの代替チャネルを暗号化および/または難読化することを選択する場合があります。

[代替プロトコル経由のデータ持ち出し](https://attack.mitre.org/techniques/T1048)は、[Net](https://attack.mitre.org/software/S0039)/SMBやFTPなどのさまざまな一般的なオペレーティングシステムユーティリティを使用して実行できます。(引用: Palo Alto OilRig Oct 2016) macOSおよびLinuxでは、<code>curl</code>を使用して、HTTP/SやFTP/Sなどのプロトコルを呼び出し、システムからデータを持ち出すことができます。(引用: 20 macOS Common Tools and Techniques)

多くのIaaSおよびSaaSプラットフォーム（Microsoft Exchange、Microsoft SharePoint、GitHub、AWS S3など）は、Webコンソールまたは[クラウドAPI](https://attack.mitre.org/techniques/T1059/009)を介したファイル、メール、ソースコード、およびその他の機密情報の直接ダウンロードをサポートしています。","Adversaries may steal data by exfiltrating it over a different protocol than that of the existing command and control channel. The data may also be sent to an alternate network location from the main command and control server.  

Alternate protocols include FTP, SMTP, HTTP/S, DNS, SMB, or any other network protocol not being used as the main command and control channel. Adversaries may also opt to encrypt and/or obfuscate these alternate channels. 

[Exfiltration Over Alternative Protocol](https://attack.mitre.org/techniques/T1048) can be done using various common operating system utilities such as [Net](https://attack.mitre.org/software/S0039)/SMB or FTP.(Citation: Palo Alto OilRig Oct 2016) On macOS and Linux <code>curl</code> may be used to invoke protocols such as HTTP/S or FTP/S to exfiltrate data from a system.(Citation: 20 macOS Common Tools and Techniques)

Many IaaS and SaaS platforms (such as Microsoft Exchange, Microsoft SharePoint, GitHub, and AWS S3) support the direct download of files, emails, source code, and other sensitive information via the web console or [Cloud API](https://attack.mitre.org/techniques/T1059/009).",T1048.001,対称暗号化非C2プロトコル経由の持ち出し,Exfiltration Over Symmetric Encrypted Non-C2 Protocol,"攻撃者は、既存のコマンドアンドコントロールチャネルとは異なる、対称暗号化されたネットワークプロトコルを介してデータを持ち出すことにより、データを盗む可能性があります。データはまた、メインのコマンドアンドコントロールサーバーとは異なるネットワークの場所に送信される場合もあります。

対称暗号化アルゴリズムは、チャネルの両端で共有または同じキー/シークレットを使用するものです。これには、データを暗号化および復号化するために使用される値の交換または事前の取り決め/所有が必要です。

非対称暗号化を使用するネットワークプロトコルは、キーが交換されると対称暗号化を利用することがよくありますが、攻撃者は、プロトコルに組み込まれているメカニズムを使用する代わりに、キーを手動で共有し、対称暗号アルゴリズム（RC4、AESなど）を実装することを選択する場合があります。これにより、複数レイヤーの暗号化（HTTPSなどのネイティブに暗号化されたプロトコル）や、通常暗号化されていないプロトコル（HTTPやFTPなど）での暗号化が行われる可能性があります。","Adversaries may steal data by exfiltrating it over a symmetrically encrypted network protocol other than that of the existing command and control channel. The data may also be sent to an alternate network location from the main command and control server. 

Symmetric encryption algorithms are those that use shared or the same keys/secrets on each end of the channel. This requires an exchange or pre-arranged agreement/possession of the value used to encrypt and decrypt data. 

Network protocols that use asymmetric encryption often utilize symmetric encryption once keys are exchanged, but adversaries may opt to manually share keys and implement symmetric cryptographic algorithms (ex: RC4, AES) vice using mechanisms that are baked into a protocol. This may result in multiple layers of encryption (in protocols that are natively encrypted such as HTTPS) or encryption in protocols that not typically encrypted (such as HTTP or FTP).",7,Actions on Objectives,"Attacker achieves their ultimate goals such as data exfiltration, data destruction, or launching further attacks.",目的の実行,攻撃者は、データの窃取、データの破壊、さらなる攻撃の開始など、最終的な目的を達成します。,,,,,,標的ネットワークからデータを盗み出す活動。CKCの目的の実行フェーズにおける主要な攻撃目標の一つ。
TA0010,持ち出し,Exfiltration,"攻撃者はデータを盗もうとしています。

持ち出しは、攻撃者がネットワークからデータを盗むために使用する可能性のあるテクニックで構成されます。データを収集した後、攻撃者は多くの場合、それを削除する際に検出を回避するためにパッケージ化します。これには圧縮と暗号化が含まれる場合があります。ターゲットネットワークからデータを持ち出すためのテクニックには、通常、コマンドアンドコントロールチャネルまたは代替チャネルを介して転送することが含まれ、送信にサイズ制限を設けることも含まれる場合があります。","The adversary is trying to steal data.

Exfiltration consists of techniques that adversaries may use to steal data from your network. Once they’ve collected data, adversaries often package it to avoid detection while removing it. This can include compression and encryption. Techniques for getting data out of a target network typically include transferring it over their command and control channel or an alternate channel and may also include putting size limits on the transmission.",T1030,データ転送サイズ制限,Data Transfer Size Limits,攻撃者は、ファイル全体ではなく固定サイズのチャンクでデータを持ち出したり、パケットサイズを特定のしきい値未満に制限したりする場合があります。このアプローチは、ネットワークデータ転送のしきい値アラートをトリガーするのを回避するために使用される可能性があります。,An adversary may exfiltrate data in fixed size chunks instead of whole files or limit packet sizes below certain thresholds. This approach may be used to avoid triggering network data transfer threshold alerts.,,,,,,7,Actions on Objectives,"Attacker achieves their ultimate goals such as data exfiltration, data destruction, or launching further attacks.",目的の実行,攻撃者は、データの窃取、データの破壊、さらなる攻撃の開始など、最終的な目的を達成します。,,,,,,標的ネットワークからデータを盗み出す活動。CKCの目的の実行フェーズにおける主要な攻撃目標の一つ。
TA0010,持ち出し,Exfiltration,"攻撃者はデータを盗もうとしています。

持ち出しは、攻撃者がネットワークからデータを盗むために使用する可能性のあるテクニックで構成されます。データを収集した後、攻撃者は多くの場合、それを削除する際に検出を回避するためにパッケージ化します。これには圧縮と暗号化が含まれる場合があります。ターゲットネットワークからデータを持ち出すためのテクニックには、通常、コマンドアンドコントロールチャネルまたは代替チャネルを介して転送することが含まれ、送信にサイズ制限を設けることも含まれる場合があります。","The adversary is trying to steal data.

Exfiltration consists of techniques that adversaries may use to steal data from your network. Once they’ve collected data, adversaries often package it to avoid detection while removing it. This can include compression and encryption. Techniques for getting data out of a target network typically include transferring it over their command and control channel or an alternate channel and may also include putting size limits on the transmission.",T1537,クラウドアカウントへのデータ転送,Transfer Data to Cloud Account,"攻撃者は、クラウド環境の共有/同期やバックアップ作成を通じて、同じサービス上の自身が制御する別のクラウドアカウントにデータを転送することにより、データを持ち出す可能性があります。

通常のファイル転送やコマンドアンドコントロールチャネルを介したクラウド環境外への大規模な転送を監視している防御側は、同じクラウドプロバイダー内の別のアカウントへのデータ転送を監視していない可能性があります。このような転送は、既存のクラウドプロバイダーAPIとクラウドプロバイダーの内部アドレス空間を利用して、通常のトラフィックに紛れ込ませたり、外部ネットワークインターフェイス経由のデータ転送を回避したりする場合があります。(引用: TLDRSec AWS Attacks)

攻撃者はまた、匿名のファイル共有リンクを作成したり、Azureの場合は共有アクセス署名（SAS）URIを作成したりするなど、クラウドネイティブなメカニズムを使用して被害者のデータを攻撃者が制御するクラウドアカウントと共有する可能性があります。(引用: Microsoft Azure Storage Shared Access Signature)

攻撃者がクラウドインスタンスのバックアップを作成し、それらを別のアカウントに転送したインシデントが観察されています。(引用: DOJ GRU Indictment Jul 2018)","Adversaries may exfiltrate data by transferring the data, including through sharing/syncing and creating backups of cloud environments, to another cloud account they control on the same service.

A defender who is monitoring for large transfers to outside the cloud environment through normal file transfers or over command and control channels may not be watching for data transfers to another account within the same cloud provider. Such transfers may utilize existing cloud provider APIs and the internal address space of the cloud provider to blend into normal traffic or avoid data transfers over external network interfaces.(Citation: TLDRSec AWS Attacks)

Adversaries may also use cloud-native mechanisms to share victim data with adversary-controlled cloud accounts, such as creating anonymous file sharing links or, in Azure, a shared access signature (SAS) URI.(Citation: Microsoft Azure Storage Shared Access Signature)

Incidents have been observed where adversaries have created backups of cloud instances and transferred them to separate accounts.(Citation: DOJ GRU Indictment Jul 2018)",,,,,,7,Actions on Objectives,"Attacker achieves their ultimate goals such as data exfiltration, data destruction, or launching further attacks.",目的の実行,攻撃者は、データの窃取、データの破壊、さらなる攻撃の開始など、最終的な目的を達成します。,,,,,,標的ネットワークからデータを盗み出す活動。CKCの目的の実行フェーズにおける主要な攻撃目標の一つ。
TA0010,持ち出し,Exfiltration,"攻撃者はデータを盗もうとしています。

持ち出しは、攻撃者がネットワークからデータを盗むために使用する可能性のあるテクニックで構成されます。データを収集した後、攻撃者は多くの場合、それを削除する際に検出を回避するためにパッケージ化します。これには圧縮と暗号化が含まれる場合があります。ターゲットネットワークからデータを持ち出すためのテクニックには、通常、コマンドアンドコントロールチャネルまたは代替チャネルを介して転送することが含まれ、送信にサイズ制限を設けることも含まれる場合があります。","The adversary is trying to steal data.

Exfiltration consists of techniques that adversaries may use to steal data from your network. Once they’ve collected data, adversaries often package it to avoid detection while removing it. This can include compression and encryption. Techniques for getting data out of a target network typically include transferring it over their command and control channel or an alternate channel and may also include putting size limits on the transmission.",T1052,物理媒体経由の持ち出し,Exfiltration Over Physical Medium,攻撃者は、リムーバブルドライブなどの物理媒体を介してデータを持ち出そうとする可能性があります。エアギャップネットワークの侵害など、特定の状況では、ユーザーによって導入された物理媒体またはデバイスを介して持ち出しが発生する可能性があります。そのような媒体は、外付けハードドライブ、USBドライブ、携帯電話、MP3プレーヤー、またはその他のリムーバブルストレージおよび処理デバイスである可能性があります。物理媒体またはデバイスは、最終的な持ち出しポイントとして、または他の方法では切断されているシステム間をホップするために使用される可能性があります。,"Adversaries may attempt to exfiltrate data via a physical medium, such as a removable drive. In certain circumstances, such as an air-gapped network compromise, exfiltration could occur via a physical medium or device introduced by a user. Such media could be an external hard drive, USB drive, cellular phone, MP3 player, or other removable storage and processing device. The physical medium or device could be used as the final exfiltration point or to hop between otherwise disconnected systems.",T1052.001,USB経由の持ち出し,Exfiltration over USB,攻撃者は、USB接続の物理デバイスを介してデータを持ち出そうとする可能性があります。エアギャップネットワークの侵害など、特定の状況では、ユーザーによって導入されたUSBデバイスを介して持ち出しが発生する可能性があります。USBデバイスは、最終的な持ち出しポイントとして、または他の方法では切断されているシステム間をホップするために使用される可能性があります。,"Adversaries may attempt to exfiltrate data over a USB connected physical device. In certain circumstances, such as an air-gapped network compromise, exfiltration could occur via a USB device introduced by a user. The USB device could be used as the final exfiltration point or to hop between otherwise disconnected systems.",7,Actions on Objectives,"Attacker achieves their ultimate goals such as data exfiltration, data destruction, or launching further attacks.",目的の実行,攻撃者は、データの窃取、データの破壊、さらなる攻撃の開始など、最終的な目的を達成します。,,,,,,標的ネットワークからデータを盗み出す活動。CKCの目的の実行フェーズにおける主要な攻撃目標の一つ。